질문,대답,관련 규정,관련 조항,카테고리,키워드,업데이트 날짜
2주차 금요일에 갑자기 고객 이슈가 생겨 18시 이후에도 일해야 하면 어떻게 해야 하나요?,부분선택적 근로시간제에서 2주차 금요일은 18시까지 근무가 원칙입니다. 부득이하게 18시 이후 근무해야 하면 담당 임원의 사전 승인이 필요하므로 개인 상황에 따라 다를 수 있으므로 HR에 문의해주세요.,유연근무제 운영지침,"제5조 제2항, 별첨2 초과근무 관련 사항",근태,"2주차 금요일, 18시 이후, 담당임원 승인, 초과근무, 유연근무제, 근무시간, 근태, 2주차, 금요일에, 갑자기",26.04.09
시프티 오류로 재택근무 출근 등록을 못했는데 나중에 수정해도 되나요?,"전자시스템 오류 등으로 출퇴근 등록이 안 될 경우 메일, 메시지, 유선 또는 SNS 등으로 소속 부서장에게 출퇴근 시점을 확인받아야 합니다.",유연근무제 운영지침,"제6조 제2항, 별첨1 제6조 제5항 제2호",근태,"시프티 오류, 출근등록, 퇴근등록, 부서장 확인, 유연근무제, 근무시간, 근태, 재택근무, 원격근무, 근무지, 시프티, 오류로",26.04.09
이번 주에 재택근무를 이미 2번 했는데 하루 더 재택을 신청할 수 있나요?,재택근무는 주 2회까지 신청할 수 있습니다. 주 2회를 초과해 신청하는 경우 소속 담당이사 또는 대표이사의 승인까지 필요하며 개인 상황에 따라 다를 수 있으므로 HR에 문의해주세요.,유연근무제 운영지침,"별첨1 제3조 제1항, 제3조 제4항 제2호",근태,"재택근무, 주2회, 추가승인, 담당이사, 유연근무제, 근무시간, 근태, 원격근무, 근무지",26.04.09
재택근무 신청 장소가 아닌 카페나 다른 장소에서 근무해야 하는 상황이면 가능한가요?,"재택근무자는 자택 또는 신청한 근무지 외 장소에서 임의로 근무할 수 없습니다. 다른 장소 근무가 필요하면 사전 승인이 필요하고, 사전승인이 곤란한 경우 변경 후 즉시 보고해야 하므로 개인 상황에 따라 다를 수 있으므로 HR에 문의해주세요.",유연근무제 운영지침,"제6조 제8항, 별첨1 제7조 제3항",근태,"재택근무 장소, 카페근무, 근무지 변경, 사후보고, 유연근무제, 근무시간, 근태, 재택근무, 원격근무, 근무지 ",26.04.09
재택근무 중 갑자기 병원이나 가족일 때문에 15분 이상 자리를 비워야 하면 어떻게 해야 하나요?,재택근무 중 15분 이상 자리를 비울 때는 반드시 사전에 소속 부서장의 결재를 받아야 합니다. 사전 결재가 어려운 상황이면 개인 상황에 따라 다를 수 있으므로 HR에 문의해주세요.,유연근무제 운영지침,별첨1 제7조 제5항,근태,"재택근무, 자리비움, 15분, 부서장 결재, 유연근무제, 근무시간, 근태, 원격근무, 근무지, 갑자기, 병원이나, 가족일",26.04.09
"지각, 조퇴, 외출 시간을 나중에 연차로 대체할 수 있나요?",사원이 동의할 경우 지각·조퇴·외출 누계 8시간당 연차휴가 1일을 사용한 것으로 처리할 수 있습니다. 동의 여부와 처리 방식은 개인 상황에 따라 다를 수 있으므로 HR에 문의해주세요.,취업규칙,제16조 제6항,근태,"지각누계, 외출누계, 연차대체, 8시간, 지각, 조퇴, 외출, 시간을, 연차로, 대체할",26.05.12
유급휴가를 다 쓰고 추가로 귀국하려면 무급휴가로 최대 며칠까지 가능한가요?,"기타수당 지급조건상 무급휴가 귀국은 최대 20일까지 가능하며, 최소 2주 전에 본사에 보고해야 합니다. 20일을 초과하면 본사 승인 하에 귀국할 수 있습니다.",가나파견 기타수당 지급조건,제6조 제2항 B,휴가 및 휴직,"무급휴가, 귀국, 최대20일, 본사보고, 복직, 휴직원, 휴직 신청, 유급휴가를, 쓰고, 추가로, 귀국하려면, 무급휴가로",20.08.13
경조휴가 5일에 주말이나 공휴일이 끼면 그만큼 연장되나요?,"경조휴가는 경조사 발생 익일부터 계산하며, 휴일이나 휴무일을 포함합니다. 따라서 주말이나 휴무일이 끼어도 그 기간이 별도로 연장되지는 않습니다.",경조금 지급 규정,제7조 제3항,휴가 및 휴직,"경조휴가, 휴일포함, 휴무일, 휴가산정, 복직, 휴직원, 휴직 신청, 5일에, 주말이나, 공휴일이, 끼면, 그만큼",25.10.21
경조사가 당일에 있어서 하루만 다녀오려고 하는데 경조휴가로 처리되나요?,규정상 당일 경조는 본인 연차를 사용한다고 되어 있습니다. 경조휴가 적용 여부가 애매한 경우 개인 상황에 따라 다를 수 있으므로 HR에 문의해주세요.,경조금 지급 규정,제7조 제4항,휴가 및 휴직,"당일경조, 연차, 경조휴가, 휴가처리, 복직, 휴직원, 휴직 신청, 경조사가, 당일에, 있어서, 하루만, 다녀오려고",25.10.21
조의금이 유족에게 지급되는 경우 유족 순위는 회사가 정하나요?,유족에게 지급되는 경우 유족의 범위 및 순위는 근로기준법이 정하는 바에 따른다고 규정되어 있습니다. 실제 지급 대상 판단은 개인 상황에 따라 다를 수 있으므로 HR에 문의해주세요.,경조금 지급 규정,제7조 제2항,휴가 및 휴직,"유족, 지급순위, 조의금, 근로기준법, 복직, 휴직원, 휴직 신청, 조의금이, 유족에게, 지급되는, 경우, 순위는",25.10.21
결혼식 경조금은 언제까지 신청해야 하나요?,결혼 축의금은 청첩장을 첨부해 14일 전에 서면으로 신청해야 합니다. 기한을 놓친 경우 처리 가능 여부는 개인 상황에 따라 다를 수 있으므로 HR에 문의해주세요.,경조금 지급 규정,"제9조, 제10조 제3항",휴가 및 휴직,"결혼, 축의금, 청첩장, 14일 전 신청, 복직, 휴직원, 휴직 신청, 결혼식, 경조금은, 언제까지, 신청해야",25.10.21
입사한지 아직 3개월이 안됐는데 결혼 경조금을 신청할 수 있나요?,경조금 지급 대상은 3개월 이상 근속한 임직원입니다. 3개월 미만인 경우 지급 대상에 해당하기 어렵습니다.,경조금 지급 규정,제3조,휴가 및 휴직,"3개월 근속, 결혼, 지급대상, 축의금, 복직, 휴직원, 휴직 신청, 입사한지, 아직, 3개월이, 안됐는데, 경조금을",25.10.21
경조사 발생 후 15일이 지나서 경조금 청구를 하면 받을 수 없나요?,경조금 청구권은 권리발생일 전후 14일 이내 이행하지 않으면 소멸한다고 규정되어 있습니다. 예외 가능성은 개인 상황에 따라 다를 수 있으므로 HR에 문의해주세요.,경조금 지급 규정,제9조,휴가 및 휴직,"청구기간, 14일, 권리소멸, 경조금, 복직, 휴직원, 휴직 신청, 경조사, 발생, 15일이, 지나서, 청구를",25.10.21
중간 귀국 휴가 때 가족 항공권도 지원되나요?,중간 귀국 휴가자가 동반가족을 동반한 경우 동반가족 최대 2인에 대해 왕복항공운임을 제공한다고 규정되어 있습니다. 동반가족 해당 여부는 개인 상황에 따라 다를 수 있으므로 HR에 문의해주세요.,가나 파견 직원의 관리 등에 관한 규정,"제2조 제5호, 제13조 제2항",휴가 및 휴직,"동반가족, 항공운임, 중간귀국휴가, 가족지원, 중간, 귀국, 휴가, 가족, 항공권도, 지원되나요",20.08.13
가나 파견에서 귀국한 뒤 활동 결과 보고서를 언제까지 제출해야되나요?,"귀국 후 2주 이내에 활동 결과 보고서를 가나 파견 팀장에게 제출해야 하며, 귀국 직후 영업일 1일 내에 귀국 사실을 회사에 보고해야 합니다.",가나 파견 직원의 관리 등에 관한 규정,"제18조 제1항, 제18조 제2항",휴가 및 휴직,"귀국보고, 활동결과보고서, 2주, 영업일 1일, 가나, 파견에서, 귀국한, 활동, 결과, 보고서를, 언제까지, 제출해야되나요",20.08.13
가나 파견 중 본인 결혼으로 일시귀국하면 며칠까지 인정되나요?,"본인 결혼의 일시귀국 기간은 5일이며, 실제 필요한 왕복 소요일 수를 가산할 수 있습니다. 일시귀국은 미리 경영진 승인을 받아야 하므로 개인 상황에 따라 다를 수 있으므로 HR에 문의해주세요.",가나 파견 직원의 관리 등에 관한 규정,"제15조 제1항, 별표1 일시귀국기간",휴가 및 휴직,"본인결혼, 일시귀국, 5일, 경영진 승인, 가나, 파견, 본인, 결혼으로, 일시귀국하면, 며칠까지, 인정되나요",20.08.13
징계가 부당하다고 생각하면 결과 통보 후 언제까지 재심을 신청해야 하나요?,징계처분을 받은 사원은 징계통보를 받은 날부터 7일 이내에 서면으로 재심신청을 할 수 있습니다. 재심 요청을 받은 위원회는 10일 이내에 재심 회의를 열고 결과를 통보해야 합니다.,취업규칙,"제85조 제1항, 제85조 제2항",인사평가,"징계재심, 7일 이내, 서면신청, 재심회의, 징계가, 부당하다고, 생각하면, 결과, 통보, 언제까지, 재심을, 신청해야",26.05.12
감봉 처분을 받으면 월급에서 얼마까지 감액될 수 있나요?,"감봉은 1회에 평균임금 1일분의 2분의 1을 감액하며, 총액은 월 급여금 총액의 10분의 1을 초과할 수 없습니다.",직원보수규정,제8조 제2항,인사평가,"감봉, 징계, 평균임금, 월급여 10%, 처분을, 받으면, 월급에서, 얼마까지, 감액될",23.03.01
팀 카드로 결제했는데 나중에 보니 개인 용도 결제였어요. 금액을 계좌로 입금하면 해결되나요?,개인 용도로 사용한 뒤 이용대금을 입금하는 방식은 허용되지 않습니다. 불가피하거나 착오로 사용한 경우 사용경위를 소명하고 즉시 개인카드로 변경 결제해야 합니다. 개인 상황에 따라 다를 수 있으므로 HR에 문의해주세요.,팀운영비 사용 및 정산지침,"제4조 제1항, 제4조 제2항",비용정산,"개인사용, 착오결제, 소명, 변경결제, 팀비, 팀카드, 팀 예산, 정산, 카드로, 결제했는데, 보니, 개인",24.07.01
회사 업무와 무관한 사이드잡이나 외부 프로젝트를 퇴근 후에만 하면 괜찮나요?,"회사 승인 없이 회사 업무 외 다른 업무, 직무 또는 영리사업을 겸직할 수 없습니다. 승인 없는 겸업·겸직은 징계해고 사유에도 해당할 수 있으므로 개인 상황에 따라 다를 수 있으므로 HR에 문의해주세요.",취업규칙,"제10조 제4항, 제84조 제9호",윤리,"겸직, 사이드잡, 외부프로젝트, 승인, 회사, 업무와, 무관한, 사이드잡이나, 외부, 프로젝트를, 퇴근, 후에만",26.05.12
저작권 문제가 생기면 실제 사용자에게 손해배상 책임이 생길 수 있나요?,"소프트웨어 저작권 침해로 회사가 법적 제재를 받는 경우, 귀책 사유가 있는 사용자에게 손해배상을 청구할 수 있습니다. 귀책 여부는 개인 상황에 따라 다를 수 있으므로 HR에 문의해주세요.",자산관리규정,제11조 제1항,윤리,"저작권 침해, 손해배상, 소프트웨어, 귀책사유, 저작권, 문제가, 생기면, 실제, 사용자에게, 책임이, 생길",25.02.05
실수로 개인 용도 결제를 법인카드로 했는데 회사 계좌에 돈을 입금하면 되나요?,개인 용도로 사용한 뒤 이용대금을 입금하는 방식은 허용되지 않습니다. 불가피하거나 착오로 사용한 경우 사용경위를 소명하고 즉시 개인카드로 변경 결제해야 하므로 개인 상황에 따라 다를 수 있으므로 HR에 문의해주세요.,법인카드 관리 및 사용지침,"제9조 제1항, 제9조 제2항",윤리,"개인사용, 착오결제, 소명, 개인카드 변경결제, 법카, 카드 정산, 결제, 실수로, 개인, 용도, 결제를, 법인카드로",23.08.01
법인카드 사용지침을 위반한 결제가 취소되지 않으면 정산받을 수 없나요?,"지침 위반 사용은 즉시 카드결제를 취소해야 하며, 기간 경과 등으로 취소가 불가능하면 해당 금액은 정산하지 않습니다. 반복 미정산이나 3회 이상 위반 시 카드 사용이 정지될 수 있습니다.",법인카드 관리 및 사용지침,"제12조 제4항, 제12조 제5항",비용정산,"사용지침 위반, 결제취소, 미정산, 사용정지, 법카, 카드 정산, 결제, 법인카드, 사용지침을, 위반한, 결제가, 취소되지",23.08.01
회사 소프트웨어 설치 파일이나 라이선스 파일을 집에서 쓰려고 가져가도 되나요?,"관리책임자의 승낙 없이 회사가 보유한 소프트웨어 원본 CD, 디스크 및 복제물을 사외로 반출해서는 안 됩니다.",자산관리규정,제11조 제2항 제2호,윤리,"소프트웨어 반출, 라이선스, 복제물, 사외반출, SW, 프로그램, 회사, 소프트웨어, 설치, 파일이나, 파일을, 집에서",25.02.05
특정 모델의 노트북이 꼭 필요한데 구매요청서만 내면 되나요?,"구매요청서에는 견적서나 사양서 등을 첨부해야 하며, 특정 모델이나 공급자를 지정하는 경우 사유서가 필요합니다. 인정 여부는 업무 필요성에 따라 달라질 수 있으므로 개인 상황에 따라 다를 수 있으므로 HR에 문의해주세요.",자산관리규정,"제13조 제3항, 별지 제1호 서식",자산관리,"특정모델, 구매요청, 사유서, 견적서, 장비, 비품, 자산, 특정, 모델의, 노트북이, 필요한데, 구매요청서만",25.02.05
업무에 필요한 유료 툴을 팀에서 바로 구독해도 되나요?,소프트웨어 구매 및 구독은 인사관리팀을 통한 일괄 구매가 원칙입니다. 구독신청서를 작성해 관리책임자에게 요청하고 검토 후 구매해야 합니다.,자산관리규정,"제6조 제1항, 제6조 제3항",자산관리,"소프트웨어, 구독, 인사관리팀, 구독신청서, 업무에, 필요한, 유료, 툴을, 팀에서, 바로, 구독해도",25.02.05
업무상 급해서 제 PC에 무료 프로그램을 먼저 설치했는데 괜찮나요?,회사 소유 컴퓨터에 소프트웨어를 설치하려면 관리책임자의 승낙이 필요합니다. 무료 프로그램이라도 설치 경위와 라이선스 확인이 필요할 수 있으므로 개인 상황에 따라 다를 수 있으므로 HR에 문의해주세요.,자산관리규정,제11조 제2항 제1호,자산관리,"무료프로그램, 소프트웨어 설치, 관리책임자 승인, 라이선스, 업무상, 급해서, PC에, 무료, 프로그램을, 먼저, 설치했는데, 괜찮나요",25.02.05
소프트웨어를 더 이상 안 쓰게 됐는데 그냥 삭제하면 반납 처리된 건가요?,반납사유가 발생하면 자산 수리 및 반납신청서를 작성해 관리책임자에게 제출해야 합니다. 단순 삭제만으로 절차가 완료된다고 보기 어렵습니다.,자산관리규정,"제9조 제2항, 별지 제3호 서식",자산관리,"소프트웨어 반납, 삭제, 반납신청서, 관리책임자, SW, 프로그램, 라이선스, 소프트웨어를, 이상, 쓰게, 됐는데, 그냥",25.02.05
사용 중인 장비가 고장났는데 직접 수리 맡기고 나중에 보고해도 되나요?,비품에 이상이 발생하거나 정상 사용이 어려운 경우 즉시 관리책임자에게 보고해야 합니다. 수리가 필요한 비품은 자산 수리 및 반납신청서를 제출해야 하므로 개인 상황에 따라 다를 수 있으므로 HR에 문의해주세요.,자산관리규정,"제17조 제1항, 제17조 제3항, 별지 제3호 서식",자산관리,"고장, 수리, 관리책임자 보고, 수리신청서, 사용, 중인, 장비가, 고장났는데, 직접, 맡기고, 보고해도",25.02.05
노트북을 이동 중 떨어뜨려 파손했는데 제가 전액 보상해야 하나요?,"손망실 발생 시 즉시 관리책임자에게 보고해야 하며, 사용자 책임 여부와 보상기준은 원인, 내구연한, 잔존가치, 손상정도에 따라 결정됩니다. 개인 상황에 따라 다를 수 있으므로 HR에 문의해주세요.",자산관리규정,"제19조 제1항, 제19조 제2항",자산관리,"노트북 파손, 손망실, 보상기준, 잔존가치, 장비, 비품, 자산, 노트북을, 이동, 떨어뜨려, 파손했는데, 제가",25.02.05
내구연한이 지난 노트북이나 모니터는 자동으로 교체되나요?,"내구연한이 경과한 비품은 점검 후 교체 또는 폐기를 결정하며, 추가 사용이 가능하면 연장 사용할 수 있습니다. 자동 교체로 보기는 어렵습니다.",자산관리규정,"제12조 제1항, 별표1",자산관리,"내구연한, 노트북, 모니터, 교체검토, 장비, 비품, 자산, 내구연한이, 지난, 노트북이나, 모니터는, 자동으로",25.02.05
기존에 쓰던 소프트웨어 라이선스가 만료됐는데 계속 사용해도 되나요?,"라이선스 계약 만료 또는 재계약 불가 시 소프트웨어 교체를 검토해야 하며, 갱신계획이 없으면 처분 대상이 될 수 있습니다. 계속 사용 가능 여부는 확인이 필요합니다.",자산관리규정,"제8조 제5호, 제10조 제1항 제1호",자산관리,"라이선스 만료, 소프트웨어 교체, 갱신, 처분, SW, 프로그램, 라이선스, 기존에, 쓰던, 소프트웨어, 라이선스가, 만료됐는데",25.02.05
퇴사일을 정하지 않고 사직서를 냈는데 회사가 퇴직일을 늦출 수 있나요?,퇴직일자를 명시하지 않은 사직원을 제출한 경우 수리한 날이 퇴직일입니다. 다만 회사는 업무 인수인계를 위해 사직원 제출일로부터 30일을 넘지 않는 범위에서 퇴직일자를 지정해 수리할 수 있습니다.,취업규칙,"제68조 제2항 제2호, 제68조 제3항",입퇴사,"사직서, 퇴직일, 인수인계, 30일, 퇴사일을, 정하지, 않고, 사직서를, 냈는데, 회사가, 퇴직일을, 늦출",26.05.12
"수습기간 중 급여가 감액될 수 있다면, 정식 채용 후 근속연수나 퇴직금 계산에도 불리하게 반영되나요?","수습기간은 정식 채용 후 근속연수에 포함됩니다. 다만 수습 시작일부터 3개월 이내 기간은 평균임금 산정기간에는 포함하지 않는다고 규정되어 있어, 실제 급여·퇴직금 영향은 개인 상황에 따라 다를 수 있으므로 HR에 문의해주세요.",취업규칙,"제9조 제4항, 제9조 제5항, 제9조 제6항",급여,"수습기간, 급여감액, 근속연수, 평균임금, 월급, 보수, 임금, 급여가, 감액될, 있다면, 정식, 채용",26.05.12
월 중간에 입사하거나 퇴사하면 급여는 실제 근무일수 기준으로 계산되나요?,보수의 일할계산은 30분의 1을 1일분으로 계산한다고 규정되어 있습니다. 실제 적용 금액은 입퇴사일과 급여 계산 기준에 따라 달라질 수 있으므로 개인 상황에 따라 다를 수 있으므로 HR에 문의해주세요.,직원보수규정,제6조,급여,"월중입사, 월중퇴사, 일할계산, 급여계산, 월급, 보수, 임금, 중간에, 입사하거나, 퇴사하면, 급여는, 실제",23.03.01
팀장이 아닌 팀원이 팀 운영비를 결제했는데 집행 책임은 누가 지나요?,부서운영비의 집행 책임자는 각 팀의 팀장으로 규정되어 있습니다. 실제 결제자가 팀원인 경우의 내부 확인 절차는 개인 상황에 따라 다를 수 있으므로 HR에 문의해주세요.,팀운영비 사용 및 정산지침,제5조 제1항,비용정산,"집행책임자, 팀장, 팀원결제, 정산책임, 팀비, 팀카드, 팀 예산, 정산, 팀장이, 아닌, 팀원이, 운영비를",24.07.01
팀운영비 사용내역서를 익월 10일까지 제출하지 못했는데 나중에 제출해도 되나요?,집행 책임자는 월별 사용내역서를 익월 10일까지 관리부서에 제출해야 합니다. 기한 경과 후 처리 가능 여부는 원문만으로 단정하기 어려우므로 개인 상황에 따라 다를 수 있으므로 HR에 문의해주세요.,팀운영비 사용 및 정산지침,제6조 제1항,비용정산,"사용내역서, 익월 10일, 정산보고, 제출기한, 팀비, 팀카드, 팀 예산, 정산, 팀운영비, 사용내역서를, 익월, 10일까지",24.07.01
팀 회의가 길어져서 회의 후 저녁 식사를 했는데 팀운영비로 결제해도 되나요?,팀 내 업무 관련 회의 또는 업무 협의 후 발생한 식대는 팀운영비 사용범위에 포함됩니다. 다만 업무 관련성이 분명해야 합니다.,팀운영비 사용 및 정산지침,제2조 제2항 제1호,비용정산,"팀회의, 식대, 업무협의, 팀운영비, 팀비, 팀카드, 팀 예산, 정산, 회의가, 길어져서, 회의, 저녁",24.07.01
"팀 회식 후 늦게 끝나서 택시비를 팀운영비로 결제했는데, 시간이 23시를 넘었어요.","팀 회식 관련 교통비는 사용범위에 포함되지만, 23시~익일 06시는 비정상시간대 사용으로 제한됩니다. 불가피한 사유와 소명자료가 필요할 수 있으므로 개인 상황에 따라 다를 수 있으므로 HR에 문의해주세요.",팀운영비 사용 및 정산지침,"제2조 제2항 제3호, 제4조 제4항 제2호",비용정산,"팀회식, 택시비, 23시, 비정상시간대, 팀비, 팀카드, 팀 예산, 정산, 회식, 늦게, 끝나서, 택시비를",24.07.01
팀 카드가 당장 없어서 개인카드로 먼저 결제했는데 팀운영비로 정산할 수 있나요?,지침상 운영비는 회사에서 지급한 팀 카드로 사용하는 것이 원칙입니다. 개인카드 선결제 정산 가능 여부는 원문에 명시되어 있지 않으므로 개인 상황에 따라 다를 수 있으므로 HR에 문의해주세요.,팀운영비 사용 및 정산지침,제3조 제4항,비용정산,"팀카드, 개인카드, 선결제, 정산, 팀비, 팀 예산, 카드가, 당장, 없어서, 개인카드로, 먼저, 결제했는데",24.07.01
팀 워크샵을 준비 중인데 기존 반기 예산만으로 부족하면 추가 예산을 요청할 수 있나요?,팀 워크샵 추진 시 기획안을 제출하면 운영에 필요한 예산을 추가 배정받을 수 있습니다. 추가 배정 여부와 규모는 기획안 검토가 필요하므로 개인 상황에 따라 다를 수 있으므로 HR에 문의해주세요.,팀운영비 사용 및 정산지침,제3조 제2항,비용정산,"워크샵, 추가예산, 기획안, 예산배정, 팀비, 팀카드, 팀 예산, 정산, 워크샵을, 준비, 중인데, 기존",24.07.01
정산서에는 결제내역이 있는데 영수증 같은 증빙서류 일부가 누락됐어요. 해당 금액이 인정되지 않을 수 있나요?,정산서 제출 시 증빙서류를 반드시 첨부해야 합니다. 집행내용이 불명확하고 소명되지 않으면 불인정 및 환수 조치될 수 있으므로 개인 상황에 따라 다를 수 있으므로 HR에 문의해주세요.,팀운영비 사용 및 정산지침,"제6조 제2항, 제7조 제1항",비용정산,"증빙서류, 영수증, 불인정, 환수, 팀비, 팀카드, 팀 예산, 정산, 정산서에는, 결제내역이, 있는데, 같은",24.07.01
사용범위에는 맞는 것 같은데 결제내역만 보면 용도가 명확하지 않아요. 소명하면 인정될 수 있나요?,집행내용이 불명확한 경우에도 소명되지 않으면 불인정 및 환수 조치될 수 있습니다. 어떤 자료로 소명이 가능한지는 개인 상황에 따라 다를 수 있으므로 HR에 문의해주세요.,팀운영비 사용 및 정산지침,제7조 제1항,비용정산,"사용범위, 집행내용, 소명, 불인정, 팀비, 팀카드, 팀 예산, 정산, 사용범위에는, 맞는, 같은데, 결제내역만",24.07.01
반기 중간에 팀원이 입사하거나 퇴사하면 팀운영비 예산이 바로 조정되나요?,중도 입퇴사가 발생한 경우 해당 변동은 다음 반기 예산에 반영됩니다. 현 반기 예산이 즉시 증감된다고 명시되어 있지는 않습니다.,팀운영비 사용 및 정산지침,제3조 제1항,비용정산,"중도입사, 중도퇴사, 반기예산, 인당 30만원, 팀비, 팀카드, 팀 예산, 정산, 반기, 중간에, 팀원이, 입사하거나",24.07.01
반기 말에 남은 팀운영비를 다음 반기 초 회식비로 넘겨서 쓸 수 있나요?,"팀운영비는 반기 내 사용이 원칙이며, 반기 내 미사용분은 소멸되어 팀별 지정계좌에서 회수됩니다. 다음 반기로 이월 사용하기 어렵습니다.",팀운영비 사용 및 정산지침,제5조 제2항,비용정산,"반기, 미사용분, 이월, 회수, 팀비, 팀카드, 팀 예산, 정산, 말에, 남은, 팀운영비를, 다음",24.07.01
공휴일에 팀 워크샵을 진행해서 팀 카드 결제가 필요한데 사용할 수 있나요?,"공휴일 및 휴무일 사용은 원칙적으로 제한됩니다. 다만 워크샵, 내부결재 등 객관적 증명과 소명자료가 있으면 사용 가능성이 있으므로 개인 상황에 따라 다를 수 있으므로 HR에 문의해주세요.",팀운영비 사용 및 정산지침,제4조 제4항 제1호,비용정산,"공휴일, 휴무일, 워크샵, 소명자료, 팀비, 팀카드, 팀 예산, 정산, 공휴일에, 워크샵을, 진행해서, 카드",24.07.01
자문·평가·심의 회의가 5시간 진행되면 5시간 모두 자문비를 지급하나요?,"자문, 평가, 심의, 각종 위원회 등은 시간당 15만원으로, 1일 4시간 이내 기준이 기재되어 있습니다. 4시간 초과분 지급 가능 여부는 원문만으로 단정하기 어려우므로 개인 상황에 따라 다를 수 있으므로 HR에 문의해주세요.",전문가수당 지급 기준,자문비,비용정산,"자문비, 평가, 심의, 1일 4시간, 자문, 회의가, 5시간, 진행되면, 모두, 자문비를, 지급하나요",21.11.04
외부 강사를 국내 교육에 초빙할 때 시간당 강사료는 어떻게 정하나요?,"외부인사 국내 강사료는 등급에 따라 1등급 25만원, 2등급 20만원, 3등급 15만원 이내로 지급합니다. 등급 판단은 대상자의 직위나 경력에 따라 달라질 수 있으므로 개인 상황에 따라 다를 수 있으므로 HR에 문의해주세요.",전문가수당 지급 기준,"강사료, 등급기준표",비용정산,"외부강사, 국내강사료, 등급, 시간당 수당, 외부, 강사를, 국내, 교육에, 초빙할, 시간당, 강사료는, 정하나요",21.11.04
법률·세무·회계 전문가에게 자문을 받으면 정해진 시간당 단가를 적용하나요?,"법률, 세무, 회계 등에 관한 기타전문가 자문은 실소요비용 기준으로 기재되어 있습니다. 견적·계약·승인 방식은 개인 상황에 따라 다를 수 있으므로 HR에 문의해주세요.",전문가수당 지급 기준,기타전문가,비용정산,"법률자문, 세무자문, 회계자문, 실소요비용, 법률, 세무, 회계, 전문가에게, 자문을, 받으면, 정해진, 시간당",21.11.04
"팀에서 자주 쓰는 소모성 사무용품은 인사관리팀으로 구매 요청해야 하나요, 팀운영비로 사야 하나요?","팀 내 소모성 물품은 인사관리팀을 통해 구입할 수 있고, 소모기간은 1년으로 봅니다. 1년 내 재구매가 필요하면 팀운영비 사용이 원칙이나, 대표이사 승인 시 인사관리팀 구매가 가능합니다.",자산관리규정,"제13조 제4항, 제13조 제5항",비용정산,"소모품, 팀운영비, 인사관리팀, 1년 내 재구매, 팀비, 팀카드, 팀 예산, 정산, 팀에서, 자주, 쓰는, 소모성",25.02.05
행사 준비 때문에 상품권을 법인카드로 구매해야 하는데 사전결재를 받으면 가능한가요?,행사 등을 위해 상품권 등 현금화성 자산 구입이 필요한 경우 사전결재를 받아 사용하는 것이 원칙입니다. 다만 사적 용도의 상품권 구입은 제한되므로 개인 상황에 따라 다를 수 있으므로 HR에 문의해주세요.,법인카드 관리 및 사용지침,"제7조 제4항, 제9조 제4항 H",비용정산,"상품권, 현금화성 자산, 행사, 사전결재, 법카, 카드 정산, 결제, 준비, 상품권을, 법인카드로, 구매해야, 하는데",23.08.01
해외 결제 후 카드사 수수료가 붙었는데 지출결의서는 원금 기준으로 작성하면 되나요?,해외 결제 대금은 사용 원금을 포함해 카드사 청구 수수료 및 제반 수수료를 모두 합산한 최종 결제 금액으로 지출결의서를 작성해야 합니다.,법인카드 관리 및 사용지침,제10조 제5항,비용정산,"해외결제, 카드수수료, 지출결의서, 최종결제금액, 법카, 카드 정산, 결제, 해외, 카드사, 수수료가, 붙었는데, 지출결의서는",23.08.01
차주 수요일까지 정산서를 못 냈는데 나중에 제출해도 지급받을 수 있나요?,지침상 기명식 법인카드는 차주 수요일까지 정산서와 증빙을 제출해야 합니다. 기한 경과 후 처리 가능 여부는 원문만으로 단정하기 어려우므로 개인 상황에 따라 다를 수 있으므로 HR에 문의해주세요.,법인카드 관리 및 사용지침,"제10조 제4항, 제14조 제1항",비용정산,"정산지연, 차주 수요일, 미정산, 사후제출, 법카, 카드 정산, 결제, 차주, 수요일까지, 정산서를, 냈는데, 제출해도",23.08.01
"사용한도 때문에 결제가 안 될 것 같은데, 먼저 결제하고 나중에 한도 변경을 요청해도 되나요?",법인카드는 사용한도를 초과하여 사용할 수 없습니다. 최고한도 변경은 관리부서장 결재 후 주관부서에 요청해야 하므로 사전 확인이 필요합니다.,법인카드 관리 및 사용지침,"제7조 제7항, 제8조 제3항",비용정산,"사용한도, 한도변경, 관리부서장 결재, 주관부서, 법카, 카드 정산, 결제, 결제가, 같은데, 먼저, 결제하고, 한도",23.08.01
법인카드를 사용할 수 없는 상황이라 개인카드로 먼저 결제했는데 법인비용으로 청구할 수 있나요?,개인카드나 현금 사용금액은 원칙적으로 법인비용으로 청구할 수 없습니다. 불가피한 경우 사업자 현금영수증 또는 세금계산서 등으로 증빙해야 하므로 개인 상황에 따라 다를 수 있으므로 HR에 문의해주세요.,법인카드 관리 및 사용지침,"제7조 제1항, 제7조 제3항",비용정산,"개인카드, 현금, 사업자현금영수증, 세금계산서, 법카, 카드 정산, 결제, 법인카드를, 사용할, 없는, 상황이라, 개인카드로",23.08.01
법인카드로 결제했는데 카드매출전표에 제 이름을 적지 않았어요. 정산에 문제가 될 수 있나요?,법인카드 사용 시 카드매출전표에는 자필로 사용자의 성명을 명확하게 기재해야 합니다. 누락된 경우 보완 가능 여부는 개인 상황에 따라 다를 수 있으므로 HR에 문의해주세요.,법인카드 관리 및 사용지침,제7조 제6항,비용정산,"카드매출전표, 사용자 성명, 자필기재, 증빙, 법카, 카드 정산, 결제, 법인카드로, 결제했는데, 카드매출전표에, 이름을, 적지",23.08.01
법인카드 분실 후 마지막 사용내역 확인은 누가 하나요?,"분실신고 후 주관부서가 카드회사에 분실된 법인카드의 마지막 사용내역을 확인하고, 분실·훼손 및 재발급 대장을 작성해 보관합니다.",법인카드 관리 및 사용지침,제11조 제3항,비용정산,"마지막 사용내역, 분실카드, 재발급 대장, 주관부서, 법카, 카드 정산, 결제, 법인카드, 분실, 마지막, 사용내역, 확인은",23.08.01
밤 11시 이후에 해외 출장 숙박비가 결제됐는데 비정상시간대 사용으로 문제가 되나요?,23시~익일 06시는 비정상시간대 사용으로 제한됩니다. 다만 업무추진상 불가피한 경우 객관적 증명과 소명자료가 필요할 수 있으므로 개인 상황에 따라 다를 수 있으므로 HR에 문의해주세요.,법인카드 관리 및 사용지침,제9조 제4항 G,출장,"비정상시간대, 23시, 해외출장, 숙박비, 법카, 카드 정산, 결제, 출장비, 여비, 정산, 11시, 이후에",23.08.01
"기명식 법인카드는 회사가 바로 결제해주는 건가요, 제 계좌에서 먼저 빠져나가나요?",기명식 법인카드의 사용대금은 사용자가 지정한 본인 명의 계좌로 결제됩니다. 청구된 정산서에 대해 주관부서가 검토 후 영업일 3일 이내 급여계좌로 지급합니다.,법인카드 관리 및 사용지침,"제10조 제2항, 제10조 제3항",비용정산,"기명식 법인카드, 본인계좌, 정산서, 급여계좌 지급, 법카, 카드 정산, 결제, 기명식, 법인카드는, 회사가, 바로, 결제해주는",23.08.01
기명식 법인카드 사용내역은 언제까지 정산해야 하나요?,"기명식 법인카드 사용자는 일주일 단위로 사용내역을 정산하고, 차주 수요일까지 팀장 승인 청구서와 카드이용내역, 증빙을 주관부서에 제출해야 합니다.",법인카드 관리 및 사용지침,"제10조 제4항, 제14조 제1항",비용정산,"기명식 법인카드, 차주 수요일, 팀장 승인, 정산기한, 법카, 카드 정산, 결제, 기명식, 법인카드, 사용내역은, 언제까지, 정산해야",23.08.01
10만원이 넘는 회의비를 급하게 결제했는데 사전결재를 못 받았어요. 사후결재로 처리할 수 있나요?,1회 10만원 이상 사용은 사전결재가 원칙입니다. 불가피한 사유로 사전결재가 불가능했다면 최단기간 내 사후결재를 받아야 하므로 개인 상황에 따라 다를 수 있으므로 HR에 문의해주세요.,법인카드 관리 및 사용지침,제7조 제5항,비용정산,"10만원, 사전결재, 사후결재, 회의비, 법카, 카드 정산, 결제, 10만원이, 넘는, 회의비를, 급하게, 결제했는데",23.08.01
해외출장 출발일과 도착일에도 일비가 전액 지급되나요?,해외출장의 출발일과 도착일 해당 일비는 각각 절반으로 계산해 지급합니다.,출장여비규정,제20조 제3항 제3호 1목,출장,"해외출장, 출발일, 도착일, 일비 절반, 출장비, 여비, 정산, 출발일과, 도착일에도, 일비가, 전액, 지급되나요",24.07.04
출장여비를 선지급받았는데 법인카드도 사용했으면 일비나 식비를 또 정산할 수 있나요?,"일비는 출장품의서에 따라 선지급하고 정산하지 않는 것이 원칙이나, 법인카드를 사용하는 경우 선지급하지 않고 사후 한도 내 정산합니다. 중복 정산 여부는 개인 상황에 따라 다를 수 있으므로 HR에 문의해주세요.",출장여비규정,"제16조 제4항, 제20조 제3항 제3호, 제21조 제3항",출장,"법인카드, 선지급, 사후정산, 일비, 법카, 카드 정산, 결제, 출장비, 여비, 정산, 출장여비를, 선지급받았는데",24.07.04
출장 중 회사나 거래처에서 숙박을 제공받으면 숙박비도 받을 수 있나요?,회사 또는 기타 관계기관으로부터 숙박시설을 공식적으로 제공받는 경우 해당 부분의 여비는 지급하지 않습니다.,출장여비규정,제10조,출장,"숙박제공, 지급제한, 여비, 출장정산, 출장비, 정산, 출장, 회사나, 거래처에서, 숙박을, 제공받으면, 숙박비도",24.07.04
출장 중 현지 사정 때문에 숙박비가 기준보다 초과될 것 같으면 어떻게 해야 하나요?,국내·해외 모두 현지 사정에 따라 대표이사 승인 후 초과 지출이 가능하다고 규정되어 있습니다. 초과가 예상되면 사전에 별도 승인을 받아야 합니다.,출장여비규정,"제15조 제4항, 별표1, 별표3",출장,"숙박비 초과, 현지사정, 대표이사 승인, 초과지출, 출장비, 여비, 정산, 출장, 현지, 사정, 숙박비가, 기준보다",24.07.04
출장 중 일정이 하루 늘어났는데 사전승인을 못 받으면 추가 일비가 지급되나요?,해외출장 중 업무 연장으로 추가 체류가 필요한 경우 추가 일비는 사전승인을 받은 경우에만 지급됩니다. 사전승인 누락 건은 개인 상황에 따라 다를 수 있으므로 HR에 문의해주세요.,출장여비규정,제20조 제3항 제2호,출장,"출장연장, 추가체류, 추가일비, 사전승인, 출장비, 여비, 정산, 출장, 일정이, 하루, 늘어났는데, 사전승인을",24.07.04
출장 중 일부 식사를 제공받았는데 식비나 일비는 어떻게 계산되나요?,"회사 또는 관계기관이 식사를 공식 제공한 경우 해당 부분 여비는 지급하지 않습니다. 파견여비의 경우 1식 제공 시 일비 80%, 2식 제공 시 60% 지급 기준도 있으므로 개인 상황에 따라 다를 수 있으므로 HR에 문의해주세요.",출장여비규정,"제10조, 제24조",출장,"식사제공, 일비, 지급제한, 파견여비, 출장비, 여비, 정산, 출장, 일부, 식사를, 제공받았는데, 식비나",24.07.04
출장 목적과 다르게 일정을 변경했는데 이미 받은 여비를 반환해야 할 수 있나요?,결재권자의 승인 없이 출장목적이나 규정을 위반한 경우 여비의 일부 또는 전액을 반환해야 합니다. 실제 반환 범위는 개인 상황에 따라 다를 수 있으므로 HR에 문의해주세요.,출장여비규정,"제11조, 별표4",출장,"출장목적, 일정변경, 여비반환, 규정위반, 출장비, 여비, 정산, 출장, 목적과, 다르게, 일정을, 변경했는데",24.07.04
당일출장에서 한국 도착 시간이 오전 11시 30분이면 일비는 하루치인가요?,"1일 미만 출장 중 한국 도착시간 기준 12시 이전은 일비의 절반, 12시 이후는 1일로 계산해 지급합니다. 오전 11시 30분 도착이면 절반 기준에 해당합니다.",출장여비규정,제5조 제2항,출장,"당일출장, 도착시간, 12시 이전, 일비 절반, 출장비, 여비, 정산, 당일출장에서, 한국, 도착, 시간이, 오전",24.07.04
다른 부서 직원과 같은 목적지로 같이 출장 가면 한 부서에서 한 번만 출장신청해도 되나요,소속이 다른 2인 이상의 직원이 같은 목적지로 동반출장을 가는 경우 각 직원의 소속 부서에서 개별적으로 부서장 승인을 받아야 합니다.,출장여비규정,제6조 제3항,출장,"동반출장, 부서별 신청, 부서장 승인, 출장신청, 출장비, 여비, 정산, 다른, 부서, 직원과, 같은, 목적지로",24.07.04
국내출장에서 개인차량을 사용하면 유류대와 통행료를 받을 수 있나요?,국내출장 교통비는 개인차량 이용 시 유류대와 통행료를 증빙 첨부해 사후정산합니다. 유류대는 별표1 기준상 10km당 1L로 환산해 지급합니다.,출장여비규정,"제16조 제3항, 별표1",출장,"개인차량, 유류대, 통행료, 10km당 1L, 출장비, 여비, 정산, 국내출장에서, 개인차량을, 사용하면, 유류대와, 통행료를",24.07.04
국내 동일지역 출장이 25일 정도 이어지면 일반 출장여비 기준이 그대로 적용되나요?,국내 동일지역에서 장기간 체류하는 경우 장기출장여비 기준을 적용합니다. 20일 초과일수에 대해서는 기준의 90%를 지급합니다.,출장여비규정,"제18조, 별표2",출장,"장기출장, 20일 초과, 동일지역, 90% 지급, 출장비, 여비, 정산, 국내, 출장이, 25일, 정도, 이어지면",24.07.04
평가점수가 79점이면 A등급으로 올림 처리될 수 있나요?,"평가등급은 점수표에 따라 부여되며, B등급은 70~79점, A등급은 80~89점입니다. 원문상 79점을 A등급으로 올림 처리한다는 내용은 없습니다.",인사평가규정,제13조,인사평가,"평가등급, 79점, B등급, A등급, 평가, 평가결과, 등급, 평가점수가, 79점이면, A등급으로, 올림, 처리될",25.02.01
평가자가 휴직이나 징계 등으로 평가제외 대상이면 누가 평가하나요?,"평가자가 평가제외대상에 해당하면 평가권을 행사할 수 없고, 조직도상 차상위 상급자 또는 대표이사가 지정한 사람이 평가합니다.",인사평가규정,제4조 제3항,인사평가,"평가자 제외, 차상위 상급자, 대표이사 지정, 평가권, 평가, 평가결과, 등급, 복직, 휴직원, 휴직 신청, 평가자가, 휴직이나",25.02.01
평가기준일에 복직한 지 얼마 안 됐는데 전년도 평가로 대체될 수 있나요?,"복직, 해외 출장, 정직 등 부득이한 사유로 정기 평가 기준일 현재 근무 중이 아닌 경우 전년도 평가 성적을 사용하거나 향후 2개월 범위에서 평가시기를 따로 정할 수 있습니다. 개인 상황에 따라 다를 수 있으므로 HR에 문의해주세요.",인사평가규정,제7조 제3항,인사평가,"복직, 전년도 평가, 평가시기, 정기평가, 평가, 평가결과, 등급, 평가기준일에, 복직한, 얼마, 됐는데, 전년도",25.02.01
평가결과에 납득이 안 되면 팀장에게 말로 얘기해도 이의신청이 되나요?,평가결과에 이의가 있으면 이의신청기간 내 지정 서식으로 평가자에게 서면 제출해야 합니다. 구두 문의만으로 이의신청 절차가 진행된다고 보기는 어렵습니다.,인사평가규정,"제14조 제2항, 제14조 제5항",인사평가,"이의신청, 서면제출, 지정서식, 평가자, 평가, 평가결과, 등급, 평가결과에, 납득이, 되면, 팀장에게, 말로",25.02.01
"제 평가자는 팀장인가요, 담당임원인가요? 직책에 따라 달라지나요?","팀원·부팀장·파트장은 본인 자기평가 후 팀장이 평가하고, 담당임원이 조정하며 대표이사가 결정합니다. 팀장은 담당임원이 평가하고 대표이사가 결정합니다.",인사평가규정,제5조,인사평가,"평가자, 조정자, 결정자, 팀장, 담당임원, 평가, 평가결과, 등급, 평가자는, 팀장인가요, 담당임원인가요, 직책에",25.02.01
인사이동으로 새 팀에 온 지 2개월밖에 안 됐는데 바로 평가대상이 되나요?,전환 배치자는 인사이동 후 3개월 이상이 지난 후 평가대상이 됩니다. 평가유예제도는 전환 배치자의 인사상 불이익을 방지하기 위한 제도입니다.,인사평가규정,"제17조 제1항, 제17조 제2항",인사평가,"전환배치, 인사이동, 평가유예, 3개월, 평가, 평가결과, 등급, 인사이동으로, 팀에, 2개월밖에, 됐는데, 바로",25.02.01
올해 휴직 기간이 6개월을 넘으면 인사평가를 아예 안 받게 되나요?,평가기준년도 기간 중 반 이상을 휴직한 사람은 원칙적으로 평가대상에서 제외됩니다. 다만 육아휴직·가족돌봄휴직 등은 별표3에 따라 평가대상기간에 포함될 수 있으므로 개인 상황에 따라 다를 수 있으므로 HR에 문의해주세요.,인사평가규정,"제4조 제1항 제3호, 별표3",인사평가,"휴직, 평가제외, 육아휴직, 가족돌봄휴직, 평가, 평가결과, 등급, 복직, 휴직원, 휴직 신청, 올해, 기간이",25.02.01
올해 8월에 입사했는데 이번 정기 인사평가 대상에 포함되나요?,평가기준년도 기간의 반 이상이 지난 뒤 입사한 사람은 평가대상에서 제외됩니다. 다만 대표이사가 필요하다고 인정하면 평가할 수 있으므로 개인 상황에 따라 다를 수 있으므로 HR에 문의해주세요.,인사평가규정,"제4조 제1항 제4호, 제4조 제2항",인사평가,"중도입사, 평가대상, 평가제외, 대표이사 승인, 평가, 평가결과, 등급, 올해, 8월에, 입사했는데, 이번, 정기",25.02.01
1월에 세운 개인 목표가 실제 업무와 달라졌는데 평가 전에 수정할 수 있나요?,"개인별 업무목표는 매년 1월 설정하고, 3월과 7월 두 차례 조정할 수 있습니다. 조정한 목표는 실제 운영 및 업무수행과 일치해야 합니다.",인사평가규정,제12조 제1항,인사평가,"개인목표, 목표조정, 3월, 7월, 평가, 평가결과, 등급, 1월에, 세운, 개인, 목표가, 실제",25.02.01
대기발령을 받으면 출근하지 않아도 되고 급여도 그대로 나오나요?,"대기발령자는 회사가 지정한 곳으로 출근하는 등 회사 지시에 따라야 합니다. 근로를 제공하면 본래 급여를 지급하지만, 자택대기 등 근로를 제공하지 않는 경우 평균임금의 70%를 지급한다고 규정되어 있습니다.",취업규칙,"제25조 제2항, 제25조 제3항, 제25조 제5항",급여,"대기발령, 자택대기, 평균임금 70%, 출근지시, 월급, 보수, 임금, 대기발령을, 받으면, 출근하지, 않아도, 되고",26.05.12
올해 연봉계약이 늦어지면 새 연봉이 확정될 때까지 급여가 어떻게 지급되나요?,"연봉이 확정되지 않은 경우 전년도에 준하여 지급하고, 연봉계약이 확정된 후 소급 정산한다고 규정되어 있습니다.",직원보수규정,제12조 제2항,급여,"연봉계약, 계약지연, 전년도 기준, 소급정산, 월급, 보수, 임금, 올해, 연봉계약이, 늦어지면, 연봉이, 확정될",23.03.01
연봉계약 내용에 이의가 있으면 구두로 문의하면 되나요?,연봉계약에 이의가 있는 경우 사유와 의견을 서면으로 작성해 인사담당부서장에게 연봉 재심청구를 할 수 있습니다.,직원보수규정,"제13조 제1항, 제13조 제2항",급여,"연봉재심, 이의제기, 서면청구, 인사위원회, 월급, 보수, 임금, 연봉계약, 내용에, 이의가, 구두로, 문의하면",23.03.01
급여 계산 결과 원 단위 이하 단수가 생기면 어떻게 처리되나요?,급여계산에서 첫 자리 미만의 단수가 있을 때 소수점 미만은 사사오입한다고 규정되어 있습니다.,직원보수규정,제6조,급여,"급여계산, 단수처리, 사사오입, 소수점, 월급, 보수, 임금, 급여, 계산, 결과, 단위, 이하",23.03.01
내부직원이 사내 교육 강의를 하면 강사료를 받을 수 있나요?,"내부직원 강사료는 시간당 40,000원으로 기재되어 있습니다. 다만 실제 지급 대상 여부는 교육 성격과 내부 기준에 따라 달라질 수 있으므로 개인 상황에 따라 다를 수 있으므로 HR에 문의해주세요.",전문가수당 지급 기준,강사료,급여,"내부직원, 사내강의, 강사료, 시간당 4만원, 월급, 보수, 임금, 내부직원이, 사내, 교육, 강의를, 강사료를",21.11.04
재택근무 중 야간이나 연장근로를 하면 수당이 나오나요?,"재택근무 중 연장·야간근로는 사전에 소속 부서장의 승인을 받아야 하며, 승인된 경우 통상임금의 50%를 가산해 지급한다고 규정되어 있습니다. 승인 여부와 실제 지급 대상은 개인 상황에 따라 다를 수 있으므로 HR에 문의해주세요.",유연근무제 운영지침,"제6조 제4항, 별첨1 제6조 제3항",급여,"재택근무, 연장근로, 야간근로, 가산수당, 유연근무제, 근무시간, 근태, 원격근무, 근무지, 월급, 보수, 임금",26.04.09
연차나 공휴일 시간이 포함되면 2주 80시간 초과 여부를 계산할 때 같이 들어가나요?,"초과근무 수당은 휴가, 유급휴일, 휴게시간을 제외한 실제 근로시간 기준으로 판단합니다. 연차·공휴일이 섞인 계산은 개인 상황에 따라 다를 수 있으므로 HR에 문의해주세요.",유연근무제 운영지침,"별첨2 초과근무 수당 지급, Q&A 근로시간·출퇴근",급여,"휴가, 공휴일, 실제근로시간, 80시간, 유연근무제, 근무시간, 근태, 월급, 보수, 임금, 연차나, 시간이",26.04.09
무급휴가로 귀국하면 파견수당이나 기타수당도 그대로 지급되나요?,무급휴가 귀국 시 주거비를 제외한 기타수당은 일할 계산하여 차감한다고 규정되어 있습니다. 실제 차감 금액은 개인 상황에 따라 다를 수 있으므로 HR에 문의해주세요.,가나파견 기타수당 지급조건,제6조 제2항 B-iii,급여,"무급휴가, 기타수당, 일할차감, 귀국, 월급, 보수, 임금, 무급휴가로, 귀국하면, 파견수당이나, 기타수당도, 그대로",20.08.13
중간 귀국 휴가를 다녀온 뒤 도중 사직하면 이미 지원받은 항공권이나 급여를 돌려줘야 하나요?,도중 사직 시 지원금 및 휴일기간에 대한 급여를 일할 계산하여 환수한다고 규정되어 있습니다. 실제 환수 금액은 개인 상황에 따라 다를 수 있으므로 HR에 문의해주세요.,가나 파견 직원의 관리 등에 관한 규정,제13조 제5항,해외파견,"도중사직, 지원금 환수, 일할계산, 귀국휴가, 월급, 보수, 임금, 중간, 귀국, 휴가를, 다녀온, 도중",20.08.13
올해 중간 귀국 휴가 항공권 지원을 안 받으면 대체 지급을 받을 수 있나요?,해당 연도에 동반가족 포함 모두 항공운임 실비 지원을 자진 포기하면 상여 200만원을 대체 지급한다고 규정되어 있습니다.,가나 파견 직원의 관리 등에 관한 규정,제13조 제4항,해외파견,"항공운임 포기, 대체상여, 200만원, 중간귀국, 월급, 보수, 임금, 올해, 중간, 귀국, 휴가, 항공권",20.08.13
회사가 연차 사용촉진을 했는데 제가 끝까지 연차를 안 쓰면 미사용 연차수당을 받을 수 있나요?,"회사가 취업규칙상 절차에 따라 연차 사용촉진조치를 했음에도 연차를 사용하지 않은 경우, 해당 미사용 연차에 대해서는 금전으로 보상하지 않습니다. 촉진 절차 충족 여부는 개인 상황에 따라 다를 수 있으므로 HR에 문의해주세요.",취업규칙,"제44조 제1항, 제44조 제2항",급여,"연차사용촉진, 미사용연차, 연차수당, 금전보상, 복직, 휴직원, 휴직 신청, 회사가, 연차, 사용촉진을, 했는데, 제가",26.05.12
업무상 재해로 휴직하면 회사 급여가 기존 월급처럼 지급되나요?,공상으로 인한 휴직자의 보수는 산업재해보상보험법에 따른 휴업급여에 해당하는 금액으로 규정되어 있습니다. 실제 지급 방식은 개인 상황에 따라 다를 수 있으므로 HR에 문의해주세요.,직원보수규정,제9조 제1호,급여,"공상휴직, 산재, 휴업급여, 휴직보수, 복직, 휴직원, 휴직 신청, 월급, 보수, 임금, 업무상, 재해로",23.03.01
수습직원이 개인 질병으로 휴직하면 통상임금 70% 규정이 적용되나요?,수습직원의 경우 휴직 중 보수는 공상으로 인한 휴직 조항만 적용한다고 규정되어 있습니다. 개인 질병 휴직 적용 여부는 개인 상황에 따라 다를 수 있으므로 HR에 문의해주세요.,직원보수규정,제9조 제3호,급여,"수습직원, 질병휴직, 공상휴직, 휴직보수, 복직, 휴직원, 휴직 신청, 수습직원이, 개인, 질병으로, 휴직하면, 통상임금",23.03.01
병가를 사용한 날도 결근처럼 급여가 빠지나요?,결근일 보수 미지급 규정의 예외로 병가가 명시되어 있습니다. 다만 병가의 인정 여부와 처리 방식은 개인 상황에 따라 다를 수 있으므로 HR에 문의해주세요.,직원보수규정,제7조,급여,"병가, 결근, 급여공제, 유급처리, 복직, 휴직원, 휴직 신청, 월급, 보수, 임금, 병가를, 사용한",23.03.01
개인 질병으로 1년 이하 휴직하면 보수는 어느 정도 지급되나요?,공상 이외의 질병 휴직은 휴직기간이 1년 이하인 경우 휴직 당시 통상임금의 70%를 지급한다고 규정되어 있습니다. 실제 적용 여부는 개인 상황에 따라 다를 수 있으므로 HR에 문의해주세요.,직원보수규정,제9조 제2호,급여,"질병휴직, 통상임금 70%, 휴직급여, 비공상, 복직, 휴직원, 휴직 신청, 개인, 질병으로, 1년, 이하, 휴직하면",23.03.01
근로자위원이 중간에 퇴사하거나 결원이 생기면 바로 다시 선거하나요?,결원이 생기면 30일 이내 보궐선거를 실시합니다. 다만 차점자 명부가 있는 경우 보궐선거 없이 명부 순서에 따라 충원할 수 있습니다.,노사협의회 규정,"제8조 제1항, 제8조 제2항",기타 사내규정,"보궐선거, 결원, 30일 이내, 차점자, 근로자위원이, 중간에, 퇴사하거나, 결원이, 생기면, 바로, 다시, 선거하나요",24.07.29
고충처리위원이 해결하기 어려운 사안은 어떻게 처리되나요?,고충처리위원이 처리할 수 없는 고충이나 중요사항은 차기 노사협의회 회의에 부쳐 협의 처리합니다. 사안의 성격에 따라 처리 경로가 달라질 수 있으므로 개인 상황에 따라 다를 수 있으므로 HR에 문의해주세요.,노사협의회 규정,제27조 제4항,기타 사내규정,"고충처리, 중요사항, 노사협의회 상정, 차기회의, 고충처리위원이, 해결하기, 어려운, 사안은, 처리되나요",24.07.29
유연근무 중 교육이나 출장이 있으면 근무시간은 어떻게 처리되나요?,유연근무 적용 직원에게 교육이나 출장이 있는 경우에는 근로계약 등에 따른 소정근로시간을 근무한 것으로 간주합니다. 다만 실제 근무 인정 방식은 상황에 따라 달라질 수 있으므로 특이사항이 있으면 HR에 확인하는 것이 좋습니다.,유연근무제 운영지침,제3조 제3항,근태,"유연근무, 교육, 출장, 근무시간 인정, 소정근로시간, 근태, 유연근무제, 근무시간, 출장비, 여비, 정산, 교육이나",26.04.09
휴직이 끝나기 전에 복직하려면 복직원을 언제까지 제출하면 되나요?,휴직기간이 끝나기 전에 복직하려면 휴직기간 만료일 7일 전까지 복직원을 제출해야 합니다. 휴직 연장이 필요한 경우에는 만료일 30일 전까지 사유를 적어 승인을 신청해야 합니다.,취업규칙,제29조 제1항,휴가 및 휴직,"복직원, 복직 신청, 휴직 만료, 휴직 연장, 7일 전, 30일 전, 휴직, 복직, 휴직원, 휴직 신청, 휴직이, 끝나기",26.05.12
출장 전 출장품의서와 출장 후 보고서는 언제까지 제출해야 하나요?,"출장 전에는 출장품의서를 제출해야 하며, 국내출장은 출장 전 3일 이내, 해외출장은 출장 전 5일 이내 제출이 기준입니다. 출장 후에는 회사 복귀 후 3일 이내에 출장보고서를 작성해 보고해야 합니다.",출장여비규정,"제6조, 제7조",출장,"출장품의서, 출장보고서, 국내출장, 해외출장, 복귀 후 3일, 출장 전 3일, 출장 전 5일, 여비, 출장비, 정산, 출장, 출장품의서와",24.07.04
출장 중 특별한 업무 때문에 추가 비용이 발생하면 정산할 수 있나요?,특별한 업무나 사유로 규정상 여비 외 비용이 필요한 경우 출장품의 시 승인을 받아 실비 지급을 받을 수 있습니다. 부득이하게 사전 승인을 받지 못한 경우에는 구두보고 승인 후 사후 정산할 수 있습니다.,출장여비규정,제8조,출장,"출장 추가비용, 업무추진비, 실비 정산, 사후 정산, 출장품의, 구두보고, 여비, 출장비, 정산, 출장, 특별한, 업무",24.07.04
인사발령이 나면 기존 법인카드를 계속 써도 되나요?,법인카드 사용자가 인사발령 등 변동사유가 있을 때에는 반드시 법인카드를 주관부서에 반납해야 합니다. 계속 사용 가능 여부는 주관부서 확인이 필요합니다.,법인카드 관리 및 사용지침,제4조 제3항,비용정산,"인사발령, 법인카드 반납, 주관부서, 카드 관리, 법카, 비용정산, 카드 정산, 결제, 인사발령이, 나면, 기존, 법인카드를",23.08.01
휴직을 신청하려면 언제까지 회사에 알려야 하나요?,휴직을 원하는 경우 원칙적으로 휴직 시작 예정일 30일 전까지 휴직원과 증빙서류를 제출해야 합니다. 긴급 질병 등 부득이한 경우에는 7일 전 제출 또는 사후 보완이 가능할 수 있습니다.,취업규칙,"제26조 제1항, 제26조 제2항",휴가 및 휴직,"휴직 신청, 휴직원, 증빙서류, 30일 전, 긴급질병, 사후 보완, 복직, 휴직을, 신청하려면, 언제까지, 회사에, 알려야",26.05.12
휴직 신청서나 증빙서류를 제출하지 않으면 어떻게 되나요?,휴직 신청을 하지 않거나 휴직 관련 증명서를 제출하지 않으면 무단결근으로 간주될 수 있습니다. 휴직 사유가 있더라도 회사가 정한 신청 절차를 지키는 것이 중요합니다.,취업규칙,제26조 제6항,휴가 및 휴직,"휴직 증빙, 휴직 신청서, 무단결근, 휴직 절차, 휴직원, 복직, 휴직 신청, 휴직, 신청서나, 증빙서류를, 제출하지, 않으면",26.05.12
휴직 중에 다른 회사 일을 하거나 겸직해도 되나요?,"휴직 중에도 회사의 제규정을 준수해야 하며, 타 직업에 종사하거나 겸직할 수 없습니다. 휴직 중 겸직은 복무상 문제가 될 수 있으므로 반드시 HR 확인이 필요합니다.",취업규칙,제26조 제7항,윤리,"휴직 중 겸직, 겸업, 타 직업, 복무의무, HR 확인, 복직, 휴직원, 휴직 신청, 휴직, 중에, 다른, 회사",26.05.12
가족돌봄휴직을 신청했는데 회사가 거부할 수도 있나요?,"가족돌봄휴직은 원칙적으로 신청할 수 있지만, 계속 근로기간이 6개월 미만이거나 다른 가족이 돌볼 수 있는 경우, 대체인력 채용이 곤란한 경우, 사업 운영에 중대한 지장이 있는 경우에는 회사가 휴직명령을 하지 않을 수 있습니다.",취업규칙,"제26조 제1항 제5호, 제27조 제3항",휴가 및 휴직,"가족돌봄휴직, 6개월 미만, 대체인력, 사업운영, 휴직 거부, 휴직명령, 복직, 휴직원, 휴직 신청, 가족돌봄휴직을, 신청했는데, 회사가",26.05.12
급여일이 휴일이면 월급은 언제 지급되나요?,"보수 지급일은 익월 5일이며, 지급일이 휴일인 경우에는 그 전일 또는 익일에 지급될 수 있습니다.",직원보수규정,제5조,급여,"급여일, 보수 지급일, 익월 5일, 휴일 지급, 월급날, 월급, 보수, 임금, 급여일이, 휴일이면, 월급은, 언제",23.03.01
성과급은 모든 직원에게 동일하게 지급되나요?,성과연봉은 회사경영평가 결과 또는 직원의 근무성적평가 및 성과달성도 평가 결과에 따라 차등 지급될 수 있습니다. 세부 기준은 회사가 별도로 정할 수 있습니다.,직원보수규정,"제3조 제8호, 제23조",급여,"성과급, 성과연봉, 차등 지급, 근무성적, 성과달성도, 보수, 월급, 임금, 성과급은, 모든, 직원에게, 동일하게",23.03.01
명절 상여금은 직급과 관계없이 동일하게 지급되나요?,직원보수규정상 명절 상여금은 설과 추석에 각각 직위에 따라 차등 지급되는 것으로 정의되어 있습니다. 실제 지급 대상과 금액은 적용 기준에 따라 달라질 수 있어 HR 확인이 필요합니다.,직원보수규정,제3조 제9호,급여,"명절 상여금, 설 상여금, 추석 상여금, 직위별 차등, 상여, 급여, 월급, 보수, 임금, 명절, 상여금은, 직급과",23.03.01
인사평가 결과가 나오면 누구를 통해 통보받나요?,"인사평가 결과가 최종 집계되면 인사담당자가 소속팀장에게 통보하고, 소속팀장은 소속 팀원에게 평가결과를 개별 통보합니다.",인사평가규정,제14조 제1항,인사평가,"평가결과 통보, 소속팀장, 개별 통보, 인사담당자, 인사평가, 평가, 평가결과, 등급, 결과가, 나오면, 누구를, 통해",25.02.01
평가결과를 다른 직원에게 말하거나 다른 사람 평가를 물어봐도 되나요?,"인사평가 결과는 보안 유지 대상입니다. 피평가자는 본인의 평가결과 내용을 타인에게 발설하거나, 타인에게 평가결과에 대해 질문해서는 안 됩니다.",인사평가규정,제16조,인사평가,"평가결과 보안, 인사평가 비밀, 타인 평가, 평가결과 공유 금지, 보안, 평가, 평가결과, 등급, 평가결과를, 다른, 직원에게, 말하거나",25.02.01
전환 배치된 직원도 바로 인사평가 대상이 되나요?,평가유예제도에 따라 전환 배치자는 인사이동 후 3개월 이상이 지난 후에 평가대상이 됩니다. 구체적인 평가 반영 여부는 인사이동 시점에 따라 달라질 수 있습니다.,인사평가규정,제17조,인사평가,"전환배치, 인사이동, 평가유예, 3개월, 평가대상, 인사평가, 평가, 평가결과, 등급, 전환, 배치된, 직원도",25.02.01
법인카드 포인트를 개인적으로 사용할 수 있나요?,"법인카드 적립포인트는 주관부서에서 일괄 관리하며, 개별 사용은 할 수 없습니다.",법인카드 관리 및 사용지침,제13조,비용정산,"법인카드 포인트, 적립포인트, 개인 사용, 주관부서 관리, 법카, 카드 정산, 결제, 법인카드, 포인트를, 개인적으로, 사용할",23.08.01
법인카드 정산을 반복해서 늦게 하면 카드 사용이 정지될 수 있나요?,"반복적인 미정산, 법인카드 사용지침 3회 이상 위반 등 특별한 사유가 있으면 주관부서가 법인카드 사용을 정지할 수 있습니다.",법인카드 관리 및 사용지침,제12조 제5항,비용정산,"법인카드 미정산, 사용정지, 지침 위반, 반복 미정산, 법카 정산, 법카, 카드 정산, 결제, 법인카드, 정산을, 반복해서, 늦게",23.08.01
법인카드 결제대금은 회사가 언제 입금하나요?,"사용자가 팀장 승인을 받은 뒤 주관부서가 요청한 기한까지 카드청구서, 카드 이용내역, 정산 내역서를 제출하면, 주관부서가 정산 내역과 사용내역 일치 여부를 확인한 후 요청 계좌로 결제대금을 입금합니다.",법인카드 관리 및 사용지침,제14조,비용정산,"법인카드 결제대금, 카드청구서, 정산 내역서, 계좌 입금, 팀장 승인, 법카, 카드 정산, 결제, 법인카드, 결제대금은, 회사가, 언제",23.08.01
팀운영비는 언제 지급되나요?,"팀운영비는 반기별 시작월 1일, 즉 상반기 1월과 하반기 7월에 지급하는 것을 원칙으로 합니다. 해당일이 휴일이나 공휴일이면 다음 영업일에 지급될 수 있습니다.",팀운영비 사용 및 정산지침,제3조 제3항,비용정산,"팀운영비 지급일, 반기 예산, 1월, 7월, 다음 영업일, 팀비, 팀카드, 팀 예산, 정산, 팀운영비는, 언제, 지급되나요",24.07.01
외부 협력자에게 회사 비품을 빌려줘야 하는데 가능한가요?,비품 대여는 회사 임직원 및 관련 업무 수행을 위한 외부 협력자에게 한정됩니다. 대여하려면 대여요청서를 작성하고 부서장의 사전 승인을 받아 요청해야 합니다.,자산관리규정,"제16조 제1항, 제16조 제2항",자산관리,"비품 대여, 외부 협력자, 대여요청서, 부서장 승인, 장비 대여, 자산, 외부, 협력자에게, 회사, 비품을, 빌려줘야, 하는데",25.02.05
정직 처분을 받으면 해당 기간 급여는 어떻게 계산되나요?,정직기간 중 보수의 3분의 2를 감한다고 규정되어 있습니다. 실제 감액 계산은 처분 기간과 급여 항목에 따라 달라질 수 있으므로 HR에 문의해주세요.,직원보수규정,제8조 제1항,포상 및 징계 ,"정직, 징계, 보수금액, 급여",23.03.01
재택근무는 어떻게 신청하나요? ,"재택근무를 신청하려는 직원은 '시프티' 플랫폼을 통해 소속 부서장에게 승인을 요청해야 합니다. 
근태관리플랫폼 '시프티'를 통해 근무일정 수정 요청을 해야합니다. 

1. 시프티 앱을 열고, 앱 하단 중앙의 <**근무일정**> 탭을 선택합니다.
2. 화면 우측 하단의 + 버튼을 눌러 메뉴를 열고, <요청 보내기> - <**근무일정 수정**> 을 순서대로 누릅니다.
3. 재택근무를 신청하려는 일자를 선택하고, <다음>을 누릅니다.
4. <**근무일정 유형**>을 누르고, 팝업이 출력되면 <**재택근무**>를 선택한 후 <저장>을 누릅니다.
5. 수정하려는 근무일정이 표시되면 한번 더 확인한 후 <다음> 을 누릅니다.
6. 승인권자(팀장)를 선택하고, 참조자에는 팀원/파트원을 지정합니다.
7. 요청 사유는 <재택근무 신청>을 선택하고, <보내기>를 누릅니다.
8. 승인권자가 요청건을 승인하면 **해당 일자의 근무일정이 <재택근무>로 변경**된 것을 확인할 수 있습니다.",유연근무제 운영지침,제3조 ,근태,"재택근무, 재택근무 신청, 재택근무 신청 방법, 시프티, 어떻게, 어떻게 신청, 신청 방법이, 어떻게 신청하나요 ",26.04.09
